Workbook

Sheet Locations
A1: # | B1: Brand | C1: Name | D1: Address | E1: City / Region | F1: Type | G1: Phone | H1: Email | I1: Website | J1: Needs Review | K1: Notes
A2: 1 | B2: NON | C2: PLEASE DONT TELL | D2: 113 Saint Marks Place, New York, New York 10009 | E2: New York, NY | F2: Cocktail Bar | H2: https://www.pdtnyc.com/private-events | I2: https://www.pdtnyc.com/
A3: 2 | B3: NON | C3: ROXY HOTEL | D3: 2 6th Avenue, New York, New York 10013 | E3: New York, NY | F3: Hotel | G3: (212) 519-6600 | H3: info@roxyhotelnyc.com. | I3: www.roxyhotelnyc.com
A4: 3 | B4: NON | C4: ATOMIX | D4: 104 East 30th Street, New York, New York 10016 | E4: New York, NY | F4: Korean Restaurant | H4: info@atomixnyc.com | I4: https://www.atomixnyc.com/
A5: 4 | B5: NON | C5: CROWN SHY | D5: 70 Pine Street, Manhattan, NY, 10005 | E5: Manhattan, NY | F5: American Restaurant | G5: +1-212-517-1932 | H5: info@crownshy.nyc. | I5: www.crownshy.nyc
A6: 5 | B6: NON | C6: HAPPIER GROCERY | D6: 369 Canal Street, New York, New York 10013 | E6: New York, NY | F6: Grocery Store | G6: (212) 837-8015 | H6: PARTNERSHIPS@HAPPIERGROCERY.COM | I6: https://www.happiergrocery.com/
A7: 6 | B7: NON | C7: ROSEMARYS | D7: 18 Greenwich Ave, New York, NY 10011 | E7: New York, NY | F7: Italian Restaurant | G7: +12126471818 | H7: info@rosemarysnyc.com | I7: https://www.rosemarysnyc.com/location/rosemarys-west-village/
A8: 7 | B8: NON | C8: SHOSH | D8: 41 Greenwich Avenue, New York, New York 10014 | E8: New York, NY | F8: Mediterranean Restaurant | G8: (646) 850-0297 | H8: info@shosh.nyc | I8: https://www.shosh.nyc/
A9: 8 | B9: NON | C9: THE MANNER | D9: 52 Thompson Street, New York, New York 10012 | E9: New York, NY | F9: Resort hotel | G9: (929) 526-3330 | H9: press@soho.themanner.com | I9: https://themanner.com/
A10: 9 | B10: NON | C10: JUA | D10: 36 East 22nd Street, New York, New York 10010 | E10: New York, NY | F10: Korean Restaurant | G10: 646-590-1598 | H10: info@juanyc.com | I10: www.juanyc.com
A11: 10 | B11: NON | C11: ETC VENUE | D11: East 54th Street, New York, New York 10022 | E11: New York, NY | F11: Event Venue | G11: (646) 844-6004
A12: 11 | B12: NON | C12: HAGS | D12: 167 1st Avenue, New York, New York 10003 | E12: New York, NY | F12: Fine Dining Restaurant | G12: (845) 871-2252 | H12: info@hagsnyc.com | I12: hagsnyc.com
A13: 12 | B13: NON | C13: TERROIR TRIBECA | D13: 24 Harrison Street, New York, New York 10013 | E13: New York, NY | F13: Wine Bar | G13: (212) 625-9463 | H13: info@wineisterroir.com | I13: https://www.wineisterroir.com/
A14: 13 | B14: NON | C14: CHEZ OSKAR | D14: 373 Decatur Street, New York, New York 11233 | E14: Brooklyn, NY | F14: French Restaurant | G14: +1-718-852-6250 | H14: Chezoskar310@gmail.com | I14: www.chezoskar.com
A15: 14 | B15: NON | C15: EAST VILLAGE FARM | D15: 69 2nd Ave, New York, NY 10003 | E15: New York, NY | F15: Grocery Store | G15: (212) 477-1385 | I15: https://www.mercato.com/shop/east-village-farm-grocery?srsltid=AfmBOoqFiZfLRoqCfy4PJYV5mMd-QnM9j0KQ2jbfCxt9nbqWAqIuFlzr
A16: 15 | B16: NON | C16: EDITION HOTELS | D16: 5 Madison Avenue, Manhattan, NY, 10010 | E16: Manhattan, NY | F16: Hotel | G16: (212) 413-4200 | H16: info.nyc@editionhotels.com | I16: https://www.editionhotels.com/
A17: 16 | B17: NON | C17: ROSEMARYS EAST | D17: 350 1st Avenue, New York, New York 10010 | E17: New York, NY | F17: Italian Restaurant | G17: (646) 868-5335 | H17: info@rosemarysnyc.com | I17: https://www.rosemarysnyc.com/location/rosemarys-east/
A18: 17 | B18: NON | C18: AMAN HOTEL | D18: 724 5th Avenue, New York, New York 10019 | E18: New York, NY | F18: Hotel | G18: +1 754 216 7830 | H18: reservations@aman.com
A19: 18 | B19: NON | C19: BAR MADONNA | D19: 367 Metropolitan Avenue, New York, New York 11211 | E19: Brooklyn, NY | F19: Restaurant | H19: reservations@barmadonna.com | I19: https://barmadonna.com/
A20: 19 | B20: NON | C20: PATISSERIE CHANSON | D20: 155 West 70th Street, New York, New York 10023 | E20: New York, NY | F20: Bakery | G20: CLOSED | H20: CLOSED
A21: 20 | B21: NON | C21: AVERY FISHER HALL/ Davud Geffen Hall | D21: 10 Lincoln Center Plaza, New York, NY 10023 | E21: New York, NY | F21: Performing Arts Theater | G21: (212) 875-5656 | H21: guestexperience@lincolncenter.org | I21: www.lincolncenter.org/venue/david-geffen-hall
A22: 21 | B22: NON | C22: MINUS MOONSHINE | D22: 433 Sterling Place, New York, New York 11238 | E22: Brooklyn, NY | F22: Non Alc Store | G22: (914) 485-7502 | H22: info@minusmoonshine.com | I22: minusmoonshine.com | K22: Great one! Small indepdent locally owned non alcholic spirts
A23: 22 | B23: NON | C23: PERGOLA | D23: 36 West 28th Street, New York, New York 10001 | E23: New York, NY | F23: Mediterranean Restaurant | G23: +1-212-679-4842 | H23: info@pergolanewyork.com | I23: www.pergolanewyork.com
A24: 23 | B24: NON | C24: Meadow Lane | D24: 361 Greenwich Street, New York, New York 10013 | E24: New York, NY | F24: Grocery Store | G24: NA | H24: info@meadowlane.nyc | I24: https://www.meadowlane.nyc/
A25: 24 | B25: NON | C25: GAGE & TOLLNER | D25: 372 Fulton Mall, Brooklyn, NY, 11201 | E25: Brooklyn, NY | F25: American Restaurant | G25: +1-347-689-3677 | H25: https://www.gageandtollner.com/contact-us/ | I25: www.gageandtollner.com
A26: 25 | B26: NON | C26: SAA | D26: 154 Scott Avenue, New York, New York 11237 | E26: Brooklyn, NY | F26: Club/Event Space | G26: @saabrooklyn | I26: https://www.saa.nyc/
A27: 26 | B27: NON | C27: CHEZ FIFI | D27: 140 East 74th Street, New York, New York 10021 | E27: New York, NY | F27: Restaurant | G27: NA | H27: reservations@chezfifinyc.com, events@chezfifinyc.com | I27: https://www.chezfifinyc.com/
A28: 27 | B28: NON | C28: SPIRITED AWAY | D28: 177 Mott Street, New York, New York 10012 | E28: New York, NY | F28: Liquor Store | G28: +1-929-277-2520 | H28: https://www.spiritedaway.co/pages/contact | I28: www.spiritedaway.co
C29: SMITH & MILLS Rockefeller Plz | D29: 30 Rockefeller Plz, New York, New York 10112 | E29: Manhattan, NY | F29: Cocktail Bar | G29: NA | H29: https://www.smithandmills.com/contact | I29: https://www.smithandmills.com/
A30: 28 | B30: NON | C30: SMITH & MILLS TriBeCa | D30: 71 North Moore Street, Manhattan, NY, 10013 | E30: Manhattan, NY | F30: Cocktail Bar | G30: NA | H30: https://www.smithandmills.com/contact | I30: https://www.smithandmills.com/
A31: 29 | B31: NON | C31: LAKE SIDE EMOTIONS | D31: 113 Main St, Stony Brook, NY 11790 | E31: Stony Brook, NY | F31: Liquor Store | G31: (631) 675-2750 | H31: info@lakesideemotions.com | I31: https://lakesideemotions.com/
A32: 30 | B32: NON | C32: HUSO | D32: 323A Greenwich Street, New York, NY 10013 | E32: New York, NY | F32: Fine Dining Restaurant | G32: 212-931-4876 | H32: huso@husony.com | I32: https://husony.com/contact-us/
A33: 31 | B33: NON | C33: BOBO RESTAURANT | D33: 181 West 10th Street, New York, New York 10014 | E33: New York, NY | F33: French Restaurant | G33: (212) 488-2626 | H33: https://www.bobonyc.com/contact/ | I33: https://www.bobonyc.com/
A34: 32 | B34: NON | C34: Quorum by Convene | D34: 1221 6th Ave, New York, NY 10020 | E34: New York, NY | F34: Event Venue | G34: (888) 730-7307 | H34: NA | I34: https://convene.com/locations/new-york-city/1221-avenue-of-the-americas/
A35: 33 | B35: NON | C35: AMOR Y AMARGO | D35: 97 Avenue A, New York, New York 10009 | E35: New York, NY | F35: Bar | G35: (833) 328-4588 | H35: speakup@overthrowhospitality.com | I35: https://www.amoryamargo.com/
A36: 34 | B36: NON | C36: GRAMERCY TAVERN | D36: 42 East 20th Street, New York, New York 10003 | E36: New York, NY | F36: American Restaurant | G36: +1 212-477-0777 | H36: gtavern@gramercytavern.com | I36: www.gramercytavern.com
A37: 35 | B37: NON | C37: KEY FOOD STORE #1830 | D37: 8772 18th Avenue, Brooklyn, NY 11214 | E37: Brooklyn, NY | F37: Supermarket | G37: (718) 331-5080 | H37: NA | I37: https://www.keyfood.com/stores/1160
A38: 36 | B38: NON | C38: FREVO | D38: 48 West 8th Street, New York, New York 10011 | E38: New York, NY | F38: Fine Dining Restaurant | G38: (646) 455-0804 | H38: NA | I38: https://frevonyc.com/
A39: 37 | B39: NON | C39: LE CHENE | D39: 76 Carmine Street, New York, New York 10014 | E39: New York, NY | F39: French Restaurant | H39: bonjour@lechenenyc.com | I39: https://www.lechenenyc.com/
A40: 38 | B40: NON | C40: SU'JUK | D40: 216 Greene Avenue, New York, New York 11238 | E40: Brooklyn, NY | F40: Clothing Store | G40: +1-914-573-7545 | H40: https://www.sujukbk.com/pages/contact | I40: www.sujukbk.com
A41: 39 | B41: NON | C41: MAIDSTONE ARMS | D41: 207 Main St, East Hampton, NY 11937 | E41: East Hampton, NY | F41: Hotel | G41: (631) 324-5006 | H41: ciao@themaidstone.com | I41: https://themaidstone.com/
A42: 40 | B42: NON | C42: ROEYS | D42: 59 Greenwich Avenue, New York, New York 10014 | E42: New York, NY | F42: Pizza Restaurant | G42: (646) 864-1200 | H42: https://www.roeysnyc.com/contact/ | I42: info@roeysnyc.com
A43: 41 | B43: NON | C43: BLUE NOTE JAZZ CLUB | D43: 131 West 3rd Street, New York, New York 10012 | E43: New York, NY | F43: Live Music Venue | G43: +1 212-475-8592 | H43: https://www.bluenotejazz.com/nyc/contact/ | I43: www.bluenotejazz.com/nyc
A44: 42 | B44: NON | C44: KIKO | D44: 307 Spring Street, New York, New York 10013 | E44: New York, NY | F44: Asian Restaurant | G44: NA | H44: Info@kikonewyork.com | I44: https://www.kikonewyork.com/about
A45: 43 | B45: NON | C45: BUZZ FREE | D45: 679 5th Avenue, New York, New York 11215 | E45: Brooklyn, NY | F45: Convenience Store | G45: (718) 219-7828 | H45: buzzfree679@gmail.com | I45: https://www.buzzfreenyc.com/ | J45: Non Alc Store!
B46: NON | C46: FOOD GARDEN MARKET Store 1 | D46: 102 4th Ave, Brooklyn, New York 11217 | E46: Brooklyn, NY | F46: Supermarket | G46: 929-337-1828 | H46: info@foodgardenmarket.com | I46: foodgardenmarket.com
A47: 44 | B47: NON | C47: FOOD GARDEN MARKET Store 2 | D47: 608 Franklin Avenue, New York, New York 11238 | E47: Brooklyn, NY | F47: Supermarket | G47: +1-718-399-1529 | H47: info@foodgardenmarket.com | I47: foodgardenmarket.com
A48: 45 | B48: NON | C48: POPINA | D48: 127 Columbia Street, New York, New York 11231 | E48: Brooklyn, NY | F48: Italian Restaurant | G48: +1-718-222-1901 | H48: https://www.popinanyc.com/contact/ | I48: www.popinanyc.com
A49: 46 | B49: NON | C49: HOTEL ON RIVINGTON | D49: 107 Rivington Street, New York, New York 10002 | E49: New York, NY | F49: Hotel | G49: +1-212-475-2600 | H49: https://www.hotelonrivington.com/contact/ | I49: www.hotelonrivington.com
A50: 47 | B50: NON | C50: SOHO GRAND HOTEL | D50: 310 West Broadway, Manhattan, NY, 10013 | E50: Manhattan, NY | F50: Hotel | G50: +1-212-965-3000 | H50: https://www.sohogrand.com/contact/ | I50: www.sohogrand.com | J50: Grand Bar & Salon 212) 965-3588
A51: 48 | B51: NON | C51: SUSHI NOZ | D51: 181 East 78th Street, New York, New York 10075 | E51: New York, NY | F51: Sushi Restaurant | G51: +1 917-338-1792 | H51: reservations@sushinoz.com | I51: www.sushinoz.com
B52: NON | C52: ILILI Nomad | D52: 236 5th Ave, New York, NY 10001 | E52: New York, NY | F52: Lebanese Restaurant | G52: +1 212-683-2929 | H52: https://www.ililirestaurants.com/contact/ | I52: https://www.ililirestaurants.com/
A53: 49 | B53: NON | C53: ILILI Midtown | D53: 157 E 53rd St, New York, NY 10022 | E53: New York, NY | F53: Lebanese Restaurant | G53: (646) 653-0330 | H53: midtowncontact@ililirestaurants.com | I53: https://www.ililirestaurants.com/
A54: 50 | B54: NON | C54: LOVE EATS | D54: 10 Amagansett Square Unit B, Amagansett, NY 11930 | E54: Amagansett, NY | F54: Grocery Store | G54: (631) 557-3038 | H54: info@loveeats.com | I54: https://www.loveeats.com/
A55: 51 | B55: NON | C55: ILIS | D55: 148 Green Street, New York, New York 11222 | E55: Brooklyn, NY | F55: Restaurant | G55: CLOSED | H55: CLOSED
A56: 52 | B56: NON | C56: SOMM TIME | D56: 254 Broome Street, Manhattan, NY, 10002 | E56: Manhattan, NY | F56: Bar | G56: (212)-860-0401 | H56: rustmaria1977@gmail.com | I56: https://sommtimenyc.com/
A57: 53 | B57: NON | C57: MAIN STREET FARM | D57: 36 Main St Unit B & C, Livingston Manor, NY 12758 | E57: Livingston Manor, NY | F57: Cafe | G57: (845) 439-4309 | H57: info@mainstreetfarm.com | I57: mainstreetfarm.com
A58: 54 | B58: NON | C58: THE OMA | D58: 2754 Frederick Douglass Blvd, New York, NY 10039 | E58: New York, NY | F58: Cafe | G58: (646) 360-4918 | H58: shop@theomahome.com | I58: https://www.theomashop.com/
A59: 55 | B59: NON | C59: NIN HAO | D59: 610 Dean Street, New York, New York 11238 | E59: Brooklyn, NY | F59: Chinese Restaurant | G59: 718.399.3232 | H59: joy@ninhaonyc.com | I59: https://www.ninhaonyc.com/
A60: 56 | B60: NON | C60: CLAUDETTE | D60: 24 Fifth Ave, New York, NY 10011, USA | E60: New York, NY | F60: French Restaurant | G60: +1 212 868 2424 | H60: events@claudettenyc.com | I60: www.claudettenyc.com
A61: 57 | B61: NON | C61: THE BRONZE OWL | D61: 49 West 32nd Street, New York, New York 10001 | E61: New York, NY | F61: Cocktail Bar | G61: (646) 838-9026 | H61: info@thebronzeowlnyc.com | I61: https://thebronzeowlnyc.com/
A62: 59 | B62: NON | C62: BAR BEDFORD | D62: 353 Bedford Avenue, New York, New York 11211 | E62: Brooklyn, NY | F62: Bar | G62: (929) 489-0150 | H62: https://www.barbedford.com/contact-inquire/ | I62: https://www.barbedford.com/
A63: 60 | B63: NON | C63: NOZ 17 | D63: 458 West 17th Street, New York, New York 10011 | E63: New York, NY | F63: Sushi Restaurant | G63: (917) 338-1792 | H63: reservations@sushinoz.com | I63: https://www.noz.global/experience/noz-17
A64: 61 | B64: NON | C64: ESSENTIAL BY CHRISTOPHE | D64: 2178 Broadway, New York, New York 10024 | E64: New York, NY | F64: French Restaurant | G64: (646) 478-7928 | H64: https://www.essentialbychristophe.com/contact-essential-nyc/ | I64: https://www.essentialbychristophe.com/
A65: 62 | B65: NON | C65: SIGNAL | D65: 175 Morgan Avenue, New York, New York 11206 | E65: Brooklyn, NY | F65: Night Club | G65: NA | H65: https://www.signalnyc.club/about | I65: www.signalnyc.club
A66: 63 | B66: NON | C66: Brookfield Place FOR FIVE COFFEE ROASTERS | D66: 225 Liberty St, New York, NY 10281 | E66: New York, NY | F66: Coffee Shop | G66: 347 531 0813 | H66: https://www.forfivecoffee.com/contact/
A67: 64 | B67: NON | C67: BARN JOO NOMAD | D67: 818 6th Avenue, New York, New York 10001 | E67: New York, NY | F67: Gastropub | G67: +1-917-409-1637 | H67: info@barnjoonomad.com | I67: www.barnjoonomad.com
A68: 65 | B68: NON | C68: R&D Goods | D68: 600 Vanderbilt Avenue, New York, New York 11238 | E68: Brooklyn, NY | F68: Home Goods Store | G68: +1-347-897-6202 | H68: rdgoodsbklyn@gmail.com | I68: https://rdgoodsbklyn.com/pages/contact
A69: 66 | B69: NON | C69: HUDSON DRY | D69: 421 Warren St, Hudson, NY 12534 | E69: Hudson, NY | F69: Store | G69: (518) 660-0421 | H69: Melissa@rubypr.com | I69: https://hudsondry.com/
A70: 67 | B70: NON | C70: NEUEHOUSE CANTEEN | D70: 110 East 25th Street, New York, New York 10010 | E70: New York, NY | F70: Event Venue | G70: (917) 508-0412 | H70: hello@neuehouse.com | I70: https://www.neuehouse.com/
A71: 68 | B71: NON | C71: FELICE 64 | D71: 1166 1st avenue (at 64th street) - New York, NY 10065 | E71: New York, NY | F71: Italian Restaurant | G71: (212) 593-2223 | H71: felice64@felicerestaurants.com | I71: https://www.felicerestaurants.com/felice-64/
A72: 69 | B72: NON | C72: ARDESIA | D72: 510 West 52nd Street, New York, New York 10019 | E72: New York, NY | F72: Wine Bar | G72: (212) 247-9191 | H72: info@ardesia-ny.com | I72: https://www.ardesia-ny.com/
A73: 70 | B73: NON | C73: MIXTECA | D73: 1 Cornelia St, New York, NY 10014 | E73: New York, NY | F73: Bar | G73: NA | H73: mixteca@onecornelia.com | I73: mixteca@onecornelia.com
A74: 71 | B74: NON | C74: CHEESE PLATE BROOKLYN | D74: 400 7th Avenue, New York, New York 11215 | E74: Brooklyn, NY | F74: Food Store | G74: +1-929-434-9937 | H74: https://www.cheeseplatebrooklyn.com/contact | I74: www.cheeseplatebrooklyn.com
A75: 72 | B75: NON | C75: L ABEILLE | D75: 412 Greenwich Street, New York, New York 10013 | E75: New York, NY | F75: French Restaurant | G75: (212) 542-3898 | H75: info@labeille.nyc | I75: https://www.labeille.nyc/
A76: 73 | B76: NON | C76: SAINT JAMES LIBATIONS | D76: 269 Stanhope St, Brooklyn, NY 11237 | E76: Brooklyn, NY | F76: Wine Bar | G76: (646) 807-9190 | H76: mgmt@saintjameslibations.com | I76: https://saintjameslibations.com/
A77: 74 | B77: NON | C77: Sahadi's | D77: 187 Atlantic Avenue, New York, New York 11201 | E77: Brooklyn, NY | F77: Grocery Store | G77: +1-718-624-4550 | H77: https://sahadis.com/pages/contact | I77: sahadis.com
A78: 75 | B78: NON | C78: NOURY | D78: 137 Sullivan Street, New York, New York 10012 | E78: New York, NY | F78: Restaurant | G78: NA | H78: info@nourynewyork.com | I78: https://www.nourynewyork.com/
... A82: 79 | B82: Prospects | C82: The Maze | D82: 43 W 24th St, New York, NY 10010 | E82: New York, NY | F82: alcohol-free members club | G82: NA | H82: membership@localhost.com | I82: https://www.themazenyc.com/contact-us/
A83: 80 | B83: Prospects | C83: Happier Grocery | D83: 365 Canal St, Ground Floor, New York, NY 10013 | E83: New York, NY | F83: specialty grocery store | G83: +1 212-837-8015 | H83: PARTNERSHIPS@HAPPIERGROCERY.COM | I83: https://www.happiergrocery.com/contact-us | K83: this one is cool!
A84: 81 | B84: Prospects | C84: Dimes Market | D84: 143 Division St, New York, NY 10002 | E84: New York, NY | F84: market | G84: +1 646-870-5113 | H84: dimesmarket@dimesnyc.com | I84: https://dimesnyc.com/market
A85: 82 | B85: Prospects | C85: Gem | D85: 181 Mott St, New York, NY 10012 | E85: New York, NY | F85: specialty grocery store | G85: MA | H85: info@gemhomenyc.com | I85: www.gemhomenyc.com | K85: *stocks UF + NON
A86: 83 | B86: Prospects | C86: Silence Please | D86: 132 Bowery, Fl 2, New York, NY 10013 | E86: New York, NY | F86: tea house and listening room | G86: NA | H86: https://silenceplease.com/pages/contact | I86: silenceplease.com
A87: 84 | B87: Prospects | C87: Pocketbook Market | D87: 549 Washington St, Hudson, NY 12534 | E87: Hudson, NY | F87: market | G87: NA | H87: reservations@pocketbookhudson.com | I87: https://www.pocketbookhudson.com/shops
A88: 85 | B88: Prospects | C88: Entre Nous | D88: 39 Clifton Pl, Brooklyn, NY 11238 | E88: Brooklyn, NY | F88: wine bar | G88: +1 347-294-4186 | H88: bonsoir@entrenousbrooklyn.com | I88: www.entrenousbrooklyn.com
A89: 86 | B89: Prospects | C89: Rhodora | D89: 197 Adelphi St, Brooklyn, NY 11205 | E89: Brooklyn, NY | F89: wine bar | G89: NA | H89: hello@rhodorabk.com | I89: https://www.rhodorabk.com/
A90: 87 | B90: Prospects | C90: Prima | D90: 147 Greene Ave, Brooklyn, NY 11238 | E90: Brooklyn, NY | F90: cafe/wine bar | G90: +1 718-789-7890 | H90: NA | I90: https://www.primabrooklyn.com/ | K90: love this vibe
A91: 88 | B91: Prospects | C91: Place Des Fetes | D91: 212 Greene Ave, Brooklyn, NY 11238 | E91: Brooklyn, NY | F91: restaurant | G91: +1 718-857-0101 | H91: https://www.pdfnyc.com/contact/ | I91: www.pdfnyc.com
A92: 89 | B92: Prospects | C92: Anais | D92: 196 Bergen St #2, Brooklyn, NY 11217 | E92: Brooklyn, NY | F92: wine bar | G92: +1 718-513-9176 | H92: hello@anaisbk.com | I92: https://www.anaisbk.com/
A93: 90 | B93: Prospects | C93: L'Apero by 4F | D93: 115 Montague St, Brooklyn, NY 11201 | E93: Brooklyn, NY | F93: wine bar | G93: (347) 599-0006 | H93: info@lappartement4f.com | I93: https://www.lappartement4f.com/?srsltid=AfmBOoqZKnI3dVxv1rwIYdB2Xpm1Vb2uboNtIUswpxA_MN4k9qIdy-TS
A94: 91 | B94: Prospects | C94: Clover Club | D94: 210 Smith St, Brooklyn, NY 11201 | E94: Brooklyn, NY | F94: bar | G94: +1 718-855-7939 | H94: info@cloverclubny.com | I94: cloverclubny.com
A95: 92 | B95: Prospects | C95: Doris | D95: 1088 Fulton St, Brooklyn, NY 11238 | E95: Brooklyn, NY | F95: bar | G95: +1 347-240-3350 | H95: dorisbedstuy@gmail.com. | I95: dorisbedstuy.com
A96: 93 | B96: Prospects | C96: Ornithology Jazz Club | D96: 6 Suydam St, Brooklyn, NY 11221 | E96: Brooklyn, NY | F96: bar | G96: +1 917-231-4766 | H96: ornithologycocktail@gmail.com | I96: www.ornithologyjazzclub.com
A97: 94 | B97: Prospects | C97: The Coyote Club | D97: 417 Throop Ave, Brooklyn, NY 11221 | E97: Brooklyn, NY | F97: bar | G97: NA | H97: thecoyoteclubbrooklyn@gmail.com | I97: https://www.instagram.com/thecoyoteclub_bk/?hl=en | K97: cash only, no email, check insta vibes
A98: 95 | B98: Prospects | C98: LunAtico | D98: 486 Halsey St, Brooklyn, NY 11233 | E98: Brooklyn, NY | F98: bar | G98: +1 718-513-0339 | H98: office@barlunatico.com | I98: www.barlunatico.com
A99: 96 | B99: Prospects | C99: With Others | D99: 340 Bedford Ave, Brooklyn, NY 11249 | E99: Brooklyn, NY | F99: wine bar | G99: +1 929-389-0807 | H99: shanna@withothersbrooklyn.com | I99: www.withothersbrooklyn.com
A100: 97 | B100: Prospects | C100: Sauced | D100: 331 Bedford Ave, Brooklyn, NY 11211 | E100: Brooklyn, NY | F100: wine bar | G100: +1 929-492-4758 | H100: https://www.saucedbklyn.com/pages/contact | I100: www.saucedbklyn.com
A101: 98 | B101: Prospects | C101: Bar Laika | D101: 224 Greene Ave, Brooklyn, NY 11238 | E101: Brooklyn, NY | F101: wine bar | G101: +1 347-529-4321 | H101: laika@e-flux.com | I101: www.laika.bar
A102: 99 | B102: Prospects | C102: TIME AGAIN | D102: 105 Canal St, New York, NY 10002 | E102: New York, NY | F102: bar | G102: NA | H102: timeagainbar@gmail.com | I102: https://www.instagram.com/timeagainbar/?hl=en
A103: 100 | B103: Prospects | C103: Mr Fongs | D103: 40 Market St, New York, NY 10002 | E103: New York, NY | F103: bar | G103: +1 646-964-4540 | H103: https://www.mrfongs.com/ | I103: https://www.mrfongs.com/
...

Sheet Legend & Summary
A1: Astra — Competitor + Prospect List
A2: Source: Astra Competitor + Stock List Navigator export (New York filter, 203 of 2,795 locations). Provided by user.
A4: How to use
A5: Yellow cells | B5: Blank in the source — these are the ones to fill in.
A6: Pink 'Needs Review' | B6: Flagged for review in the source system. Others are unflagged.
A7: Notes (col K) | B7: Free text — yours to use however you like.
A8: Filters | B8: Row 1 has filters on; the Brand column sorts back to source order via column A.
A9: Phone / Email | B9: Formatted as text so Excel won't reformat numbers or strip the leading +.
A10: Careful with | B10: Don't delete rows — the counts below reference the full range A2:K204.
A12: Example of the format expected in a filled row
A13: Brand | B13: Name | C13: Address | D13: City / Region | E13: Type | F13: Phone | G13: Email | H13: Website
A14: Prospects | B14: Rhodora | C14: 197 Adelphi St, Brooklyn, NY 11205 | D14: Brooklyn, NY | E14: wine bar | F14: +1 718-834-8410 | G14: hello@rhodorawinebar.com | H14: www.rhodorawinebar.com
A15: (Illustrative only — the phone, email and website above are made up, not researched. Do not copy them into the Locations tab.)
A17: Counts by brand
A18: Brand | B18: Locations | C18: Missing phone | D18: Missing email | E18: Missing website | F18: Missing type
A19: NON | B19: =COUNTIF(Locations!$B$2:$B$207,$A19) -> 79 | C19: =COUNTIFS(Locations!$B$2:$B$207,$A19,Locations!$G$2:$G$207,"") -> 4 | D19: =COUNTIFS(Locations!$B$2:$B$207,$A19,Locations!$H$2:$H$207,"") -> 3 | E19: =COUNTIFS(Locations!$B$2:$B$207,$A19,Locations!$I$2:$I$207,"") -> 5 | F19: =COUNTIFS(Locations!$B$2:$B$207,$A19,Locations!$F$2:$F$207,"") -> 0
A20: Prospects | B20: =COUNTIF(Locations!$B$2:$B$207,$A20) -> 43 | C20: =COUNTIFS(Locations!$B$2:$B$207,$A20,Locations!$G$2:$G$207,"") -> 0 | D20: =COUNTIFS(Locations!$B$2:$B$207,$A20,Locations!$H$2:$H$207,"") -> 0 | E20: =COUNTIFS(Locations!$B$2:$B$207,$A20,Locations!$I$2:$I$207,"") -> 0 | F20: =COUNTIFS(Locations!$B$2:$B$207,$A20,Locations!$F$2:$F$207,"") -> 0
A21: Savoure | B21: =COUNTIF(Locations!$B$2:$B$207,$A21) -> 11 | C21: =COUNTIFS(Locations!$B$2:$B$207,$A21,Locations!$G$2:$G$207,"") -> 0 | D21: =COUNTIFS(Locations!$B$2:$B$207,$A21,Locations!$H$2:$H$207,"") -> 2 | E21: =COUNTIFS(Locations!$B$2:$B$207,$A21,Locations!$I$2:$I$207,"") -> 0 | F21: =COUNTIFS(Locations!$B$2:$B$207,$A21,Locations!$F$2:$F$207,"") -> 0
A22: Unified Ferments | B22: =COUNTIF(Locations!$B$2:$B$207,$A22) -> 72 | C22: =COUNTIFS(Locations!$B$2:$B$207,$A22,Locations!$G$2:$G$207,"") -> 49 | D22: =COUNTIFS(Locations!$B$2:$B$207,$A22,Locations!$H$2:$H$207,"") -> 71 | E22: =COUNTIFS(Locations!$B$2:$B$207,$A22,Locations!$I$2:$I$207,"") -> 37 | F22: =COUNTIFS(Locations!$B$2:$B$207,$A22,Locations!$F$2:$F$207,"") -> 72
A23: Total | B23: =SUM(B19:B22) -> 205 | C23: =SUM(C19:C22) -> 53 | D23: =SUM(D19:D22) -> 76 | E23: =SUM(E19:E22) -> 42 | F23: =SUM(F19:F22) -> 72
A25: Flagged 'Needs Review' | B25: =COUNTIF(Locations!$J$2:$J$207,"Yes") -> 6
